Field,Major,ID
Khoa học giáo dục và Đào tạo Giáo viên sư phạm,Nhóm Khoa học giáo dục,71401
Khoa học giáo dục và Đào tạo Giáo viên sư phạm,Giáo dục học,7140101
Khoa học giáo dục và Đào tạo Giáo viên sư phạm,Quản lý giáo dục,7140114
Khoa học giáo dục và Đào tạo Giáo viên sư phạm,Kinh tế giáo dục,7140199
Khoa học giáo dục và Đào tạo Giáo viên sư phạm,Nhóm Đào tạo giáo viên sư phạm,71402
Khoa học giáo dục và Đào tạo Giáo viên sư phạm,Giáo dục mầm non,7140201
Khoa học giáo dục và Đào tạo Giáo viên sư phạm,Giáo dục tiểu học,7140202
Khoa học giáo dục và Đào tạo Giáo viên sư phạm,Giáo dục đặc biệt,7140203
Khoa học giáo dục và Đào tạo Giáo viên sư phạm,Giáo dục công dân,7140204
Khoa học giáo dục và Đào tạo Giáo viên sư phạm,Giáo dục chính trị,7140205
Khoa học giáo dục và Đào tạo Giáo viên sư phạm,Giáo dục thể chất,7140206
Khoa học giáo dục và Đào tạo Giáo viên sư phạm,Huấn luyện thể thao,7140207
Khoa học giáo dục và Đào tạo Giáo viên sư phạm,Giáo dục Quốc phòng – An ninh,7140208
Khoa học giáo dục và Đào tạo Giáo viên sư phạm,Sư phạm Toán học,7140209
Khoa học giáo dục và Đào tạo Giáo viên sư phạm,Sư phạm Tin học,7140210
Khoa học giáo dục và Đào tạo Giáo viên sư phạm,Sư phạm Vật lý,7140211
Khoa học giáo dục và Đào tạo Giáo viên sư phạm,Sư phạm Hóa học,7140212
Khoa học giáo dục và Đào tạo Giáo viên sư phạm,Sư phạm Sinh học,7140213
Khoa học giáo dục và Đào tạo Giáo viên sư phạm,Sư phạm Kỹ thuật công nghiệp,7140214
Khoa học giáo dục và Đào tạo Giáo viên sư phạm,Sư phạm Kỹ thuật nông nghiệp,7140215
Khoa học giáo dục và Đào tạo Giáo viên sư phạm,Sư phạm Ngữ văn,7140217
Khoa học giáo dục và Đào tạo Giáo viên sư phạm,Sư phạm Lịch sử,7140218
Khoa học giáo dục và Đào tạo Giáo viên sư phạm,Sư phạm Địa lý,7140219
Khoa học giáo dục và Đào tạo Giáo viên sư phạm,Sư phạm Âm nhạc,7140221
Khoa học giáo dục và Đào tạo Giáo viên sư phạm,Sư phạm Mỹ thuật,7140222
Khoa học giáo dục và Đào tạo Giáo viên sư phạm,Sư phạm Tiếng Bana,7140223
Khoa học giáo dục và Đào tạo Giáo viên sư phạm,Sư phạm Tiếng Êđê,7140224
Khoa học giáo dục và Đào tạo Giáo viên sư phạm,Sư phạm Tiếng Jrai,7140225
Khoa học giáo dục và Đào tạo Giáo viên sư phạm,Sư phạm Tiếng Khmer,7140226
Khoa học giáo dục và Đào tạo Giáo viên sư phạm,Sư phạm Tiếng H’mong,7140227
Khoa học giáo dục và Đào tạo Giáo viên sư phạm,Sư phạm Tiếng Chăm,7140228
Khoa học giáo dục và Đào tạo Giáo viên sư phạm,Sư phạm Tiếng M’nông,7140229
Khoa học giáo dục và Đào tạo Giáo viên sư phạm,Sư phạm Tiếng Xê đăng,7140230
Khoa học giáo dục và Đào tạo Giáo viên sư phạm,Sư phạm Tiếng Anh,7140231
Khoa học giáo dục và Đào tạo Giáo viên sư phạm,Sư phạm Tiếng Nga,7140232
Khoa học giáo dục và Đào tạo Giáo viên sư phạm,Sư phạm Tiếng Pháp,7140233
Khoa học giáo dục và Đào tạo Giáo viên sư phạm,Sư phạm Tiếng Trung Quốc,7140234
Khoa học giáo dục và Đào tạo Giáo viên sư phạm,Sư phạm Tiếng Đức,7140235
Khoa học giáo dục và Đào tạo Giáo viên sư phạm,Sư phạm Tiếng Nhật,7140236
Khoa học giáo dục và Đào tạo Giáo viên sư phạm,Sư phạm Tiếng Hàn Quốc,7140237
Khoa học giáo dục và Đào tạo Giáo viên sư phạm,Sư phạm Nghệ thuật,7140245
Khoa học giáo dục và Đào tạo Giáo viên sư phạm,Sư phạm Công nghệ,7140246
Khoa học giáo dục và Đào tạo Giáo viên sư phạm,Sư phạm Khoa học tự nhiên,7140247
Khoa học giáo dục và Đào tạo Giáo viên sư phạm,Giáo dục pháp luật,7140248
Khoa học giáo dục và Đào tạo Giáo viên sư phạm,Sư phạm Lịch sử – Địa lý,7140249
Khoa học giáo dục và Đào tạo Giáo viên sư phạm,Sư phạm Tin học – Công nghệ,7140250
Năng khiếu nghệ thuật,Nhóm Năng khiếu Mỹ thuật,72101
Năng khiếu nghệ thuật,Lý luận lịch sử và Phê bình mỹ thuật,7210101
Năng khiếu nghệ thuật,Hội họa,7210103
Năng khiếu nghệ thuật,Đồ họa,7210104
Năng khiếu nghệ thuật,Điêu khắc,7210105
Năng khiếu nghệ thuật,Gốm,7210107
Năng khiếu nghệ thuật,Mỹ thuật đô thị,7210110
Năng khiếu nghệ thuật,Nhóm Năng khiếu Nghệ thuật Trình diễn,72102
Năng khiếu nghệ thuật,Âm nhạc học,7210201
Năng khiếu nghệ thuật,Sáng tác âm nhạc,7210203
Năng khiếu nghệ thuật,Chỉ huy âm nhạc,7210204
Năng khiếu nghệ thuật,Thanh nhạc,7210205
Năng khiếu nghệ thuật,Biểu diễn nhạc cụ phương tây,7210207
Năng khiếu nghệ thuật,Piano,7210208
Năng khiếu nghệ thuật,Nhạc Jazz,7210209
Năng khiếu nghệ thuật,Biểu diễn nhạc cụ truyền thống,7210210
Năng khiếu nghệ thuật,"Lý luận, lịch sử và phê bình sân khấu",7210221
Năng khiếu nghệ thuật,Biên kịch sân khấu,7220225
Năng khiếu nghệ thuật,Diễn viên sân khấu kịch hát,7210226
Năng khiếu nghệ thuật,Đạo diễn sân khấu,7210227
Năng khiếu nghệ thuật,"Lý luận, lịch sử và phê bình điện ảnh, truyền hình",7210231
Năng khiếu nghệ thuật,"Biên kịch điện ảnh, truyền hình",7210233
Năng khiếu nghệ thuật,"Diễn viên kịch, điện ảnh – truyền hình",7210234
Năng khiếu nghệ thuật,"Đạo diễn điện ảnh, truyền hình",7210235
Năng khiếu nghệ thuật,Quay phim,7210236
Năng khiếu nghệ thuật,"Lý luận, lịch sử và phê bình múa",7210241
Năng khiếu nghệ thuật,Diễn viên múa,7210242
Năng khiếu nghệ thuật,Biên đạo múa,7210243
Năng khiếu nghệ thuật,Huấn luyện múa,7210244
Năng khiếu nghệ thuật,Nhóm Năng khiếu Nghệ thuật Nghe nhìn,72103
Năng khiếu nghệ thuật,Nhiếp ảnh,7210301
Năng khiếu nghệ thuật,"Công nghệ điện ảnh, truyền hình",7210302
Năng khiếu nghệ thuật,"Thiết kế âm thanh, ánh sáng",7210303
Năng khiếu nghệ thuật,Nhóm Năng khiếu Nghệ thuật Mỹ thuật ứng dụng,72104
Năng khiếu nghệ thuật,Thiết kế công nghiệp,7210402
Năng khiếu nghệ thuật,Thiết kế đồ họa,7210403
Năng khiếu nghệ thuật,Thiết kế thời trang,7210404
Năng khiếu nghệ thuật,"Thiết kế mỹ thuật sân khấu, điện ảnh",7210406
Năng khiếu nghệ thuật,Nghệ thuật số (Digital Art),7210408
Khoa học Nhân văn,"Nhóm Ngôn ngữ, Văn học và Văn hóa Việt Nam",72201
Khoa học Nhân văn,Tiếng Việt và Văn hóa Việt Nam,7220101
Khoa học Nhân văn,Hán Nôm,7220104
Khoa học Nhân văn,Ngôn ngữ Jrai,7220105
Khoa học Nhân văn,Ngôn ngữ Khmer,7220106
Khoa học Nhân văn,Ngôn ngữ H’mong,7220107
Khoa học Nhân văn,Ngôn ngữ Chăm,7220108
Khoa học Nhân văn,Sáng tác văn học,7220110
Khoa học Nhân văn,Văn hóa các dân tộc thiểu số Việt Nam,7220112
Khoa học Nhân văn,"Nhóm Ngôn ngữ, Văn học và Văn hóa nước ngoài",72202
Khoa học Nhân văn,Ngôn ngữ Anh,7220201
Khoa học Nhân văn,Ngôn ngữ Nga,7220202
Khoa học Nhân văn,Ngôn ngữ Pháp,7220203
Khoa học Nhân văn,Ngôn ngữ Trung Quốc,7220204
Khoa học Nhân văn,Ngôn ngữ Đức,7220205
Khoa học Nhân văn,Ngôn ngữ Tây Ban Nha,7220206
Khoa học Nhân văn,Ngôn ngữ Bồ Đào Nha,7220207
Khoa học Nhân văn,Ngôn ngữ Italia,7220208
Khoa học Nhân văn,Ngôn ngữ Nhật,7220209
Khoa học Nhân văn,Ngôn ngữ Hàn Quốc,7220210
Khoa học Nhân văn,Ngôn ngữ Ả Rập,7220211
Khoa học Nhân văn,Ngôn ngữ Thái Lan,7220212
Khoa học Nhân văn,Nhóm Khoa học nhân văn khác,72290
Khoa học Nhân văn,Triết học,7229001
Khoa học Nhân văn,Chủ nghĩa xã hội khoa học,7229008
Khoa học Nhân văn,Tôn giáo học,7229009
Khoa học Nhân văn,Lịch sử,7229010
Khoa học Nhân văn,Ngôn ngữ học,7229020
Khoa học Nhân văn,Văn học,7229030
Khoa học Nhân văn,Văn hóa học,7229040
Khoa học Nhân văn,Quản lý văn hóa,7229042
Khoa học Nhân văn,Gia đình học,7229045
Khoa học xã hội và hành vi,Nhóm Kinh tế học,73101
Khoa học xã hội và hành vi,Kinh tế,7310101
Khoa học xã hội và hành vi,Kinh tế chính trị,7310102
Khoa học xã hội và hành vi,Kinh tế đầu tư,7310104
Khoa học xã hội và hành vi,Kinh tế phát triển,7310105
Khoa học xã hội và hành vi,Kinh tế quốc tế,7310106
Khoa học xã hội và hành vi,Thống kê kinh tế,7310107
Khoa học xã hội và hành vi,Toán kinh tế,7310108
Khoa học xã hội và hành vi,Quản lý kinh tế,7310110
Khoa học xã hội và hành vi,Nghiên cứu phát triển,7310111
Khoa học xã hội và hành vi,Kinh tế số,7310112
Khoa học xã hội và hành vi,Nhóm Khoa học chính trị,73102
Khoa học xã hội và hành vi,Chính trị học,7310201
Khoa học xã hội và hành vi,Xây dựng Đảng và Chính quyền Nhà nước,7310202
Khoa học xã hội và hành vi,Chính trị Công an nhân dân,7310203
Khoa học xã hội và hành vi,Quản lý nhà nước,7310205
Khoa học xã hội và hành vi,Quan hệ quốc tế,7310206
Khoa học xã hội và hành vi,Nhóm Xã hội học và Nhân học,73103
Khoa học xã hội và hành vi,Xã hội học,7310301
Khoa học xã hội và hành vi,Nhân học,7310302
Khoa học xã hội và hành vi,Giới và Phát triển,7310399
Khoa học xã hội và hành vi,Nhóm Tâm lý học,73104
Khoa học xã hội và hành vi,Tâm lý học,7310401
Khoa học xã hội và hành vi,Tâm lý học giáo dục,7310403
Khoa học xã hội và hành vi,Nhóm Địa lý học,73105
Khoa học xã hội và hành vi,Địa lý học,7310501
Khoa học xã hội và hành vi,Nhóm Khu vực học,73106
Khoa học xã hội và hành vi,Quốc tế học,7310601
Khoa học xã hội và hành vi,Châu Á học,7310602
Khoa học xã hội và hành vi,Thái Bình Dương học,7310607
Khoa học xã hội và hành vi,Đông phương học,7310608
Khoa học xã hội và hành vi,Trung Quốc học,7310612
Khoa học xã hội và hành vi,Nhật Bản học,7310613
Khoa học xã hội và hành vi,Hàn Quốc học,7310614
Khoa học xã hội và hành vi,Đông Nam Á học,7310620
Khoa học xã hội và hành vi,Việt Nam học,7310630
Khoa học xã hội và hành vi,Hoa Kỳ học,7310640
Báo chí – Thông tin – Truyền thông,Nhóm Báo chí và truyền thông,73201
Báo chí – Thông tin – Truyền thông,Báo chí,7320101
Báo chí – Thông tin – Truyền thông,Truyền thông đa phương tiện,7320104
Báo chí – Thông tin – Truyền thông,Truyền thông đại chúng,7320105
Báo chí – Thông tin – Truyền thông,Công nghệ truyền thông,7320106
Báo chí – Thông tin – Truyền thông,Truyền thông quốc tế,7320107
Báo chí – Thông tin – Truyền thông,Quan hệ công chúng,7320108
Báo chí – Thông tin – Truyền thông,Truyền thông doanh nghiệp,7320109
Báo chí – Thông tin – Truyền thông,Quảng cáo,7320110
Báo chí – Thông tin – Truyền thông,"Nhóm Thông tin, Thư viện",73202
Báo chí – Thông tin – Truyền thông,Thông tin – Thư viện,7320201
Báo chí – Thông tin – Truyền thông,Khoa học thư viện,7320202
Báo chí – Thông tin – Truyền thông,Quản lý thông tin,7320205
Báo chí – Thông tin – Truyền thông,"Nhóm Văn thư, Lưu trữ, Bảo tàng",73203
Báo chí – Thông tin – Truyền thông,Lưu trữ học,7320303
Báo chí – Thông tin – Truyền thông,Bảo tàng học,7320305
Báo chí – Thông tin – Truyền thông,"Nhóm Xuất bản, Phát hành",73203
Báo chí – Thông tin – Truyền thông,Xuất bản,7320401
Báo chí – Thông tin – Truyền thông,Kinh doanh xuất bản phẩm,7320402
Kinh doanh và Quản lý,Nhóm Kinh doanh,73401
Kinh doanh và Quản lý,Quản trị kinh doanh,7340101
Kinh doanh và Quản lý,Quản trị – Luật,7340102
Kinh doanh và Quản lý,Digital Marketing,7340114
Kinh doanh và Quản lý,Marketing,7340115
Kinh doanh và Quản lý,Bất động sản,7340116
Kinh doanh và Quản lý,Kinh doanh quốc tế,7340120
Kinh doanh và Quản lý,Kinh doanh thương mại,7340121
Kinh doanh và Quản lý,Thương mại điện tử,7340122
Kinh doanh và Quản lý,Kinh doanh thời trang và dệt may,7340123
Kinh doanh và Quản lý,Quản trị và kinh doanh quốc tế,7340124
Kinh doanh và Quản lý,"Nhóm Tài chính, Ngân hàng, Bảo hiểm",73402
Kinh doanh và Quản lý,Tài chính – Ngân hàng,7340201
Kinh doanh và Quản lý,Bảo hiểm – Tài chính,7340202
Kinh doanh và Quản lý,Bảo hiểm,7340204
Kinh doanh và Quản lý,Tài chính quốc tế,7340206
Kinh doanh và Quản lý,Công nghệ tài chính,7340208
Kinh doanh và Quản lý,"Nhóm Kế toán, Kiểm toán",73403
Kinh doanh và Quản lý,Kế toán,7340301
Kinh doanh và Quản lý,Kiểm toán,7340302
Kinh doanh và Quản lý,"Nhóm Quản trị, Quản lý",73404
Kinh doanh và Quản lý,Khoa học quản lý,7340401
Kinh doanh và Quản lý,Quản lý công,7340403
Kinh doanh và Quản lý,Quản trị nhân lực,7340404
Kinh doanh và Quản lý,Hệ thống thông tin quản lý,7340405
Kinh doanh và Quản lý,Quản trị văn phòng,7340406
Kinh doanh và Quản lý,Quan hệ lao động,7340408
Kinh doanh và Quản lý,Quản lý dự án,7340409
Kinh doanh và Quản lý,Quản trị công nghệ truyền thông,7340410
Kinh doanh và Quản lý,Quản lý và phát triển nguồn nhân lực,7340411
Kinh doanh và Quản lý,Quản trị sự kiện,7340412
Kinh doanh và Quản lý,Khoa học dữ liệu và phân tích kinh doanh,7340420
Kinh doanh và Quản lý,"Nhóm Kinh doanh, Quản lý khác",73490
Kinh doanh và Quản lý,Phân tích dữ liệu kinh doanh,7349004
Pháp luật,Nhóm Luật,73801
Pháp luật,Luật,7380101
Pháp luật,Luật hiến pháp và luật hành chính,7380102
Pháp luật,Luật tố tụng và tố tụng dân sự,7380103
Pháp luật,Luật hình sự và tố tụng hình sự,7380104
Pháp luật,Luật kinh tế,7380107
Pháp luật,Luật quốc tế,7380108
Pháp luật,Luật thương mại quốc tế,7380109
Pháp luật,Luật kinh doanh,7380110
Khoa học sự sống,Nhóm Sinh học,74201
Khoa học sự sống,Sinh học,7420101
Khoa học sự sống,Nhóm Sinh học ứng dụng,74202
Khoa học sự sống,Công nghệ sinh học,7420201
Khoa học sự sống,Kỹ thuật sinh học,7420202
Khoa học sự sống,Sinh học ứng dụng,7420203
Khoa học sự sống,Khoa học y sinh,7420204
Khoa học sự sống,Công nghệ sinh học y dược,7420205
Khoa học sự sống,Công nghệ thẩm mỹ,7420207
Khoa học sự sống,Nhóm Khoa học sự sống khác,74290
Khoa học sự sống,Quản trị Công nghệ sinh học,7429001
Khoa học tự nhiên,Nhóm Khoa học vật chất,74401
Khoa học tự nhiên,Thiên văn học,7440101
Khoa học tự nhiên,Vật lý học,7440102
Khoa học tự nhiên,Vật lí nguyên tử hạt nhân,7440106
Khoa học tự nhiên,Cơ học,7440110
Khoa học tự nhiên,Hóa học,7440112
Khoa học tự nhiên,Khoa học vật liệu,7440122
Khoa học tự nhiên,Nhóm Khoa học Trái Đất,74402
Khoa học tự nhiên,Địa chất học,7440201
Khoa học tự nhiên,Bản đồ học,7220212
Khoa học tự nhiên,Địa lý tự nhiên,7440217
Khoa học tự nhiên,Khí tượng và Khí hậu học,7440221
Khoa học tự nhiên,Thủy văn học,7440224
Khoa học tự nhiên,Hải dương học,7440228
Khoa học tự nhiên,Biến đổi khí hậu và phát triển bền vững,7440298
Khoa học tự nhiên,Nhóm Khoa học Môi trường,74403
Khoa học tự nhiên,Khoa học môi trường,7440301
Toán và Thống kê,Nhóm Toán học,74601
Toán và Thống kê,Toán học,7460101
Toán và Thống kê,Khoa học tính toán,7460107
Toán và Thống kê,Toán ứng dụng,7460112
Toán và Thống kê,Toán cơ,7460115
Toán và Thống kê,Toán – Tin,7460117
Toán và Thống kê,Nhóm Thống kê,74602
Toán và Thống kê,Thống kê,7460201
Máy tính và Công nghệ thông tin,Nhóm Máy tính,74801
Máy tính và Công nghệ thông tin,Khoa học máy tính,7480101
Máy tính và Công nghệ thông tin,Mạng máy tính và truyền thông dữ liệu,7480102
Máy tính và Công nghệ thông tin,Kỹ thuật phần mềm,7480103
Máy tính và Công nghệ thông tin,Hệ thống thông tin,7480104
Máy tính và Công nghệ thông tin,Máy tính và Khoa học thông tin,7480105
Máy tính và Công nghệ thông tin,Kỹ thuật máy tính,7480106
Máy tính và Công nghệ thông tin,Công nghệ phần mềm,
Máy tính và Công nghệ thông tin,Quản trị và phân tích dữ liệu,7480107
Máy tính và Công nghệ thông tin,Công nghệ kỹ thuật máy tính,7480108
Máy tính và Công nghệ thông tin,Khoa học dữ liệu,7480109
Máy tính và Công nghệ thông tin,Tin học và Kỹ thuật máy tính,7480111
Máy tính và Công nghệ thông tin,Nhóm Công nghệ thông tin,74802
Máy tính và Công nghệ thông tin,Công nghệ thông tin,7480201
Máy tính và Công nghệ thông tin,An toàn thông tin,7480202
Máy tính và Công nghệ thông tin,Công nghệ đa phương tiện,7480203
Máy tính và Công nghệ thông tin,Khoa học và Kỹ thuật máy tính,7480204
Máy tính và Công nghệ thông tin,Khoa học dữ liệu theo cơ chế đặc thù,7480205
Máy tính và Công nghệ thông tin,Địa tin học,7480206
Kỹ thuật,Nhóm Kỹ thuật Cơ khí và Cơ kỹ thuật,75201
Kỹ thuật,Cơ kỹ thuật,7520101
Kỹ thuật,Kỹ thuật cơ khí,7520103
Kỹ thuật,Kỹ thuật cơ điện tử,7520114
Kỹ thuật,Kỹ thuật nhiệt,7520115
Kỹ thuật,Kỹ thuật cơ khí động lực,7520116
Kỹ thuật,Kỹ thuật công nghiệp,7520117
Kỹ thuật,Kỹ thuật hệ thống công nghiệp,7520118
Kỹ thuật,Kỹ thuật hàng không,7520120
Kỹ thuật,Kỹ thuật không gian,7520121
Kỹ thuật,Kỹ thuật tàu thủy,7520122
Kỹ thuật,Kỹ thuật ô tô,7520130
Kỹ thuật,Kỹ thuật in,7520137
Kỹ thuật,"Nhóm Kỹ thuật Điện, Điện tử và Viễn thông",75202
Kỹ thuật,Kỹ thuật điện,7520201
Kỹ thuật,Kỹ thuật ra đa – dẫn đường,7520204
Kỹ thuật,Kỹ thuật thủy âm,7520205
Kỹ thuật,Kỹ thuật biển,7520206
Kỹ thuật,"Kỹ thuật điện tử, viễn thông",7520207
Kỹ thuật,Kỹ thuật Y sinh,7520212
Kỹ thuật,Kỹ thuật điều khiển và tự động hóa,7520216
Kỹ thuật,Kỹ thuật Robot và Trí tuệ nhân tạo,7520218
Kỹ thuật,Hệ thống giao thông thông minh,7520219
Kỹ thuật,"Nhóm Kỹ thuật Hóa học, Vật liệu, Luyện kim và Môi trường",75203
Kỹ thuật,Kỹ thuật hóa học,7520301
Kỹ thuật,Kỹ thuật vật liệu,7520309
Kỹ thuật,Kỹ thuật vật liệu kim loại,7520310
Kỹ thuật,Kỹ thuật dệt,7520312
Kỹ thuật,Kỹ thuật môi trường,7520320
Kỹ thuật,Nhóm Vật lý kỹ thuật,75204
Kỹ thuật,Vật lý kỹ thuật,7520401
Kỹ thuật,Kỹ thuật hạt nhân,7520402
Kỹ thuật,Vật lý y khoa,7520403
Kỹ thuật,"Nhóm Kỹ thuật địa chất, địa vật lý và trắc địa",75205
Kỹ thuật,Kỹ thuật địa chất,7520501
Kỹ thuật,Kỹ thuật địa vật lý,7520502
Kỹ thuật,Kỹ thuật trắc địa bản đồ,7520503
Kỹ thuật,Nhóm Kỹ thuật mỏ,75206
Kỹ thuật,Kỹ thuật mỏ,7520601
Kỹ thuật,Kỹ thuật thăm dò và khảo sát,7520602
Kỹ thuật,Kỹ thuật dầu khí,7520604
Kỹ thuật,Kỹ thuật khí thiên nhiên,7520605
Kỹ thuật,Công nghệ số trong thăm dò và khai thác tài nguyên thiên nhiên,7520606
Kỹ thuật,Kỹ thuật tuyển khoáng,7520607
"Sản xuất, chế biến","Nhóm Chế biến lương thực, thực phẩm, đồ uống",75401
"Sản xuất, chế biến",Công nghệ thực phẩm,7540101
"Sản xuất, chế biến",Kỹ thuật thực phẩm,7540102
"Sản xuất, chế biến",Công nghệ hóa thực phẩm,7540103
"Sản xuất, chế biến",Công nghệ sau thu hoạch,7540104
"Sản xuất, chế biến",Công nghệ chế biến thủy sản,7540105
"Sản xuất, chế biến",Đảm bảo chất lượng và An toàn thực phẩm,7540106
"Sản xuất, chế biến",Công nghệ và kinh doanh thực phẩm,7540108
"Sản xuất, chế biến","Nhóm Sản xuất, chế biến sợi, vải, giày, da",75402
"Sản xuất, chế biến","Công nghệ sợi, dệt",7540202
"Sản xuất, chế biến","Công nghệ vật liệu dệt, may",7540203
"Sản xuất, chế biến","Công nghệ dệt, may",7540204
"Sản xuất, chế biến",Công nghệ may,7540205
"Sản xuất, chế biến",Công nghệ da giày,7540206
"Sản xuất, chế biến","Nhóm Sản xuất, chế biến khác",75490
"Sản xuất, chế biến",Công nghệ chế biến lâm sản,
Kiến trúc và xây dựng,Nhóm Kiến trúc và Quy hoạch,75801
Kiến trúc và xây dựng,Kiến trúc,7580101
Kiến trúc và xây dựng,Kiến trúc cảnh quan,7580102
Kiến trúc và xây dựng,Kiến trúc nội thất,7580103
Kiến trúc và xây dựng,Kiến trúc đô thị,7580104
Kiến trúc và xây dựng,Quy hoạch vùng và đô thị,7580105
Kiến trúc và xây dựng,Quản lý đô thị và công trình,7580106
Kiến trúc và xây dựng,Thiết kế nội thất,7580108
Kiến trúc và xây dựng,Bảo tồn di sản kiến trúc – đô thị,7580111
Kiến trúc và xây dựng,Đô thị học,7580112
Kiến trúc và xây dựng,Nhóm Xây dựng,75802
Kiến trúc và xây dựng,Kỹ thuật xây dựng,7580201
Kiến trúc và xây dựng,Kỹ thuật xây dựng công trình thủy,7580202
Kiến trúc và xây dựng,Kỹ thuật xây dựng công trình biển,7580203
Kiến trúc và xây dựng,Kỹ thuật công trình ngầm thành phố và hệ thống tàu điện ngầm,7580204
Kiến trúc và xây dựng,Kỹ thuật xây dựng công trình giao thông,7580205
Kiến trúc và xây dựng,Kỹ thuật cơ sở hạ tầng,7580210
Kiến trúc và xây dựng,Địa kỹ thuật xây dựng,7580211
Kiến trúc và xây dựng,Kỹ thuật tài nguyên nước,7580212
Kiến trúc và xây dựng,Kỹ thuật cấp thoát nước,7580213
Kiến trúc và xây dựng,Nhóm Quản lý Xây dựng,75803
Kiến trúc và xây dựng,Kinh tế xây dựng,7580301
Kiến trúc và xây dựng,Quản lý xây dựng,7580302
"Nông, Lâm nghiệp, Thủy sản",Nhóm Nông nghiệp,76201
"Nông, Lâm nghiệp, Thủy sản",Nông nghiệp,7620101
"Nông, Lâm nghiệp, Thủy sản",Khuyến nông,7620102
"Nông, Lâm nghiệp, Thủy sản",Khoa học đất,7620103
"Nông, Lâm nghiệp, Thủy sản",Chăn nuôi,7620105
"Nông, Lâm nghiệp, Thủy sản",Chăn nuôi – Thú y,7620106
"Nông, Lâm nghiệp, Thủy sản",Phân bón và dinh dưỡng cây trồng,7620108
"Nông, Lâm nghiệp, Thủy sản",Nông học,7620109
"Nông, Lâm nghiệp, Thủy sản",Khoa học cây trồng,7620110
"Nông, Lâm nghiệp, Thủy sản",Bảo vệ thực vật,7620112
"Nông, Lâm nghiệp, Thủy sản",Công nghệ rau hoa quả và cảnh quan,7620113
"Nông, Lâm nghiệp, Thủy sản",Kinh doanh nông nghiệp,7620114
"Nông, Lâm nghiệp, Thủy sản",Kinh tế nông nghiệp,7620115
"Nông, Lâm nghiệp, Thủy sản",Phát triển nông thôn,7620116
"Nông, Lâm nghiệp, Thủy sản",Nông nghiệp công nghệ cao,7620118
"Nông, Lâm nghiệp, Thủy sản",Kinh doanh và khởi nghiệp nông thôn,7620119
"Nông, Lâm nghiệp, Thủy sản",Nhóm Lâm nghiệp,76202
"Nông, Lâm nghiệp, Thủy sản",Lâm học,7620201
"Nông, Lâm nghiệp, Thủy sản",Lâm nghiệp đô thị,7620202
"Nông, Lâm nghiệp, Thủy sản",Lâm sinh,7620205
"Nông, Lâm nghiệp, Thủy sản",Quản lý tài nguyên rừng,7620211
"Nông, Lâm nghiệp, Thủy sản",Nhóm Thủy sản,76203
"Nông, Lâm nghiệp, Thủy sản",Nuôi trồng thủy sản,7620301
"Nông, Lâm nghiệp, Thủy sản",Bệnh học thủy sản,7620302
"Nông, Lâm nghiệp, Thủy sản",Khoa học thủy sản,7620303
"Nông, Lâm nghiệp, Thủy sản",Khai thác thủy sản,7620304
"Nông, Lâm nghiệp, Thủy sản",Quản lý thủy sản,7620305
Thú y,Nhóm Thú y,76401
Thú y,Thú y,7640101
Chăm sóc sức khỏe,Nhóm Y học,77201
Chăm sóc sức khỏe,Y khoa (Y đa khoa),7720101
Chăm sóc sức khỏe,Y học dự phòng,7720110
Chăm sóc sức khỏe,Y học cổ truyền,7720115
Chăm sóc sức khỏe,Nhóm Dược học,77202
Chăm sóc sức khỏe,Dược học,7720201
Chăm sóc sức khỏe,Hóa dược,7720203
Chăm sóc sức khỏe,"Nhóm Điều dưỡng, Hộ sinh",77203
Chăm sóc sức khỏe,Điều dưỡng,7720301
Chăm sóc sức khỏe,Hộ sinh,7720302
Chăm sóc sức khỏe,Dụng cụ chỉnh hình chân tay giả,7720399
Chăm sóc sức khỏe,Nhóm Dinh dưỡng,77204
Chăm sóc sức khỏe,Dinh dưỡng,7720401
Chăm sóc sức khỏe,Dinh dưỡng và Khoa học thực phẩm,7720497
Chăm sóc sức khỏe,Khoa học chế biến món ăn,7720498
Chăm sóc sức khỏe,Khoa học dinh dưỡng và ẩm thực,7720499
Chăm sóc sức khỏe,Nhóm Răng Hàm Mặt,77205
Chăm sóc sức khỏe,Răng – Hàm – Mặt,7720501
Chăm sóc sức khỏe,Kỹ thuật phục hình răng,7720502
Chăm sóc sức khỏe,Phục hồi chức năng,7720503
Chăm sóc sức khỏe,Điều dưỡng gây mê hồi sức,7720505
Chăm sóc sức khỏe,Nhóm Kỹ thuật Y học,77206
Chăm sóc sức khỏe,Kỹ thuật xét nghiệm y học,7720601
Chăm sóc sức khỏe,Kỹ thuật hình ảnh y học,7720602
Chăm sóc sức khỏe,Kỹ thuật phục hồi chức năng,7720603
Chăm sóc sức khỏe,Khúc xạ nhãn khoa,7720604
Chăm sóc sức khỏe,Nhóm Y tế công cộng,77207
Chăm sóc sức khỏe,Y tế công cộng,7720701
Chăm sóc sức khỏe,Nhóm Quản lý y tế,77208
Chăm sóc sức khỏe,Tổ chức và Quản lý y tế,7720801
Chăm sóc sức khỏe,Quản lý bệnh viện,7720802
Chăm sóc sức khỏe,Nhóm Sức khỏe khác,77290
Chăm sóc sức khỏe,Y sinh học Thể dục thể thao,7729001
Dịch vụ xã hội,Nhóm Công tác xã hội,77601
Dịch vụ xã hội,Công tác xã hội,7760101
Dịch vụ xã hội,Công tác thanh thiếu niên,7760102
Dịch vụ xã hội,Hỗ trợ giáo dục người khuyết tật,7760103
Dịch vụ xã hội,Dân số và Phát triển,7760104
"Du lịch, khách sạn, thể thao và dịch vụ cá nhân",Nhóm Du lịch,78101
"Du lịch, khách sạn, thể thao và dịch vụ cá nhân",Du lịch,7810101
"Du lịch, khách sạn, thể thao và dịch vụ cá nhân",Du lịch điện tử,7810102
"Du lịch, khách sạn, thể thao và dịch vụ cá nhân",Quản trị dịch vụ du lịch và lữ hành,7810103
"Du lịch, khách sạn, thể thao và dịch vụ cá nhân",Du lịch địa chất,7810105
"Du lịch, khách sạn, thể thao và dịch vụ cá nhân",Văn hóa du lịch,7810106
"Du lịch, khách sạn, thể thao và dịch vụ cá nhân","Nhóm Khách sạn, Nhà hàng",78102
"Du lịch, khách sạn, thể thao và dịch vụ cá nhân",Quản trị khách sạn,7810201
"Du lịch, khách sạn, thể thao và dịch vụ cá nhân",Quản trị nhà hàng và dịch vụ ăn uống,7810202
"Du lịch, khách sạn, thể thao và dịch vụ cá nhân",Nhóm Thể dục thể thao,78103
"Du lịch, khách sạn, thể thao và dịch vụ cá nhân",Quản lý thể dục thể thao,7810301
"Du lịch, khách sạn, thể thao và dịch vụ cá nhân",Golf,7810302
"Du lịch, khách sạn, thể thao và dịch vụ cá nhân",Nhóm Kinh tế gia đình,78105
"Du lịch, khách sạn, thể thao và dịch vụ cá nhân",Kinh tế gia đình,7810501
Dịch vụ vận tải,Khai thác vận tải,7840101
Dịch vụ vận tải,Quản lý hoạt động bay,7840102
Dịch vụ vận tải,Kinh tế vận tải,7840104
Dịch vụ vận tải,Khoa học hàng hải,7840106
Môi trường và bảo vệ môi trường,Nhóm Quản lý tài nguyên và môi trường,78501
Môi trường và bảo vệ môi trường,Quản lý tài nguyên và môi trường,7850101
Môi trường và bảo vệ môi trường,Kinh tế tài nguyên thiên nhiên,7850102
Môi trường và bảo vệ môi trường,Quản lý đất đai,7850103
Môi trường và bảo vệ môi trường,Du lịch sinh thái,7850104
Môi trường và bảo vệ môi trường,Quản lý tổng hợp tài nguyên nước,7850195
Môi trường và bảo vệ môi trường,Quản lý tài nguyên khoáng sản,7850196
Môi trường và bảo vệ môi trường,Quản lý tài nguyên và môi trường biển đảo,7850197
Môi trường và bảo vệ môi trường,Quản lý tài nguyên nước,7850198
Môi trường và bảo vệ môi trường,Quản lý biển,7850199
Môi trường và bảo vệ môi trường,Nhóm Dịch vụ an toàn lao động và vệ sinh công nghiệp,78402
Môi trường và bảo vệ môi trường,Bảo hộ lao động,7850201
Môi trường và bảo vệ môi trường,Nhóm Môi trường và Bảo vệ môi trường khác,78590
Môi trường và bảo vệ môi trường,Tài nguyên và Du lịch sinh thái,7859002
Môi trường và bảo vệ môi trường,Cảnh quan và Kỹ thuật hoa viên,7859007